<?xml version="1.0" encoding="utf-8"?>

<!--
@name     OpenCart
@package  Sort By Price
@author   Andrii Burkatskyi, ocmod.space@gmail.com
@version  1.0.0
@link     https://www.opencart.com/index.php?route=marketplace/extension&amp;filter_member=ocmod.space
@link     https://github.com/ocmod-space/ocmod-sort-by-price
@licence  https://raw.githubusercontent.com/ocmod-space/ocmod-sort-by-price/main/LICENSE.txt
-->

<modification>
    <name>/ocmod.space/sort_by_price</name>
    <code>sort-by-price</code>
    <version>1.0.0</version>
    <author>Andrii Burkatskyi</author>
    <link>https://www.opencart.com/index.php?route=marketplace/extension&amp;filter_member=ocmod.space</link>

    <file path="catalog/controller/product/{category,manufacturer,search,special}.php" error="log">
        <operation error="log">
            <search><![CDATA[$sort = 'p.sort_order';]]></search>
            <add position="replace"><![CDATA[$sort = 'p.price';]]></add>
        </operation>

        <operation error="log">
            <search><![CDATA[p.sort_order-ASC]]></search>
            <add position="replace"><![CDATA[p.price-ASC]]></add>
        </operation>

        <operation error="log">
            <search><![CDATA[p.sort_order&order=ASC]]></search>
            <add position="replace"><![CDATA[p.price&order=ASC]]></add>
        </operation>

    </file>
</modification>
